PolicyID,ScenarioID,CountryID,Year,TransTypeID,VehTypeID,MassCatID,NumNewVeh,Unnamed: 0
0,1,9,2012,1,3,1,45798.33746082663,0.0
0,1,9,2012,1,3,2,11977.280043586434,1.0
0,1,9,2012,1,3,3,1763.1046484145495,2.0
0,1,9,2012,1,4,11,2172.3721158584594,3.0
0,1,9,2012,1,4,13,436.255768335218,4.0
0,1,9,2012,1,4,12,2172.372115806322,5.0
0,1,9,2012,1,2,4,139420.0,6.0
0,1,9,2012,1,6,31,3.1506000000000003,7.0
0,1,9,2012,1,6,32,17.3047,8.0
0,1,9,2012,1,6,33,1.82015,9.0
0,1,9,2012,1,6,34,0.0,10.0
0,1,9,2012,1,8,41,0.1577107,11.0
0,1,9,2012,1,8,42,1.439874,12.0
0,1,9,2012,1,8,43,1.4661840000000002,13.0
0,1,9,2012,1,8,44,0.4656849,14.0
0,1,9,2012,1,8,45,0.0,15.0
0,1,9,2012,2,3,11,4667.094342088013,16.0
0,1,9,2012,2,3,21,4283.183505084382,17.0
0,1,9,2012,2,5,11,3629.9498831752703,18.0
0,1,9,2012,2,5,21,7259.899767415698,19.0
0,1,9,2012,2,5,22,12229.277068089166,20.0
0,1,9,2012,2,5,23,4543.873281319865,21.0
0,1,9,2012,2,6,32,2.478,22.0
0,1,9,2012,2,7,51,1.3701660000000002,23.0
0,1,9,2012,2,7,52,0.648814,24.0
0,1,9,2012,2,8,42,0.07385445,25.0
0,1,9,2012,2,8,43,0.2253567,26.0
0,1,9,2012,2,8,44,0.07512245,27.0
0,1,9,2013,1,3,1,0.0,0.0
0,1,9,2013,1,3,2,0.0,1.0
0,1,9,2013,1,3,3,0.0,2.0
0,1,9,2013,1,4,11,0.0,3.0
0,1,9,2013,1,4,13,0.0,4.0
0,1,9,2013,1,4,12,0.0,5.0
0,1,9,2013,1,2,4,0.0,6.0
0,1,9,2013,1,6,31,0.0,7.0
0,1,9,2013,1,6,32,0.0,8.0
0,1,9,2013,1,6,33,0.0,9.0
0,1,9,2013,1,6,34,0.0,10.0
0,1,9,2013,1,8,41,0.0,11.0
0,1,9,2013,1,8,42,0.0,12.0
0,1,9,2013,1,8,43,0.0,13.0
0,1,9,2013,1,8,44,0.0,14.0
0,1,9,2013,1,8,45,0.0,15.0
0,1,9,2013,2,3,11,0.0,16.0
0,1,9,2013,2,3,21,0.0,17.0
0,1,9,2013,2,5,11,0.0,18.0
0,1,9,2013,2,5,21,0.0,19.0
0,1,9,2013,2,5,22,0.0,20.0
0,1,9,2013,2,5,23,0.0,21.0
0,1,9,2013,2,6,32,0.0,22.0
0,1,9,2013,2,7,51,0.0,23.0
0,1,9,2013,2,7,52,0.0,24.0
0,1,9,2013,2,8,42,0.0,25.0
0,1,9,2013,2,8,43,0.0,26.0
0,1,9,2013,2,8,44,0.0,27.0
0,1,9,2014,1,3,1,0.0,0.0
0,1,9,2014,1,3,2,0.0,1.0
0,1,9,2014,1,3,3,0.0,2.0
0,1,9,2014,1,4,11,0.0,3.0
0,1,9,2014,1,4,13,0.0,4.0
0,1,9,2014,1,4,12,0.0,5.0
0,1,9,2014,1,2,4,0.0,6.0
0,1,9,2014,1,6,31,0.0,7.0
0,1,9,2014,1,6,32,0.0,8.0
0,1,9,2014,1,6,33,0.0,9.0
0,1,9,2014,1,6,34,0.0,10.0
0,1,9,2014,1,8,41,0.0,11.0
0,1,9,2014,1,8,42,0.0,12.0
0,1,9,2014,1,8,43,0.0,13.0
0,1,9,2014,1,8,44,0.0,14.0
0,1,9,2014,1,8,45,0.0,15.0
0,1,9,2014,2,3,11,0.0,16.0
0,1,9,2014,2,3,21,0.0,17.0
0,1,9,2014,2,5,11,0.0,18.0
0,1,9,2014,2,5,21,0.0,19.0
0,1,9,2014,2,5,22,0.0,20.0
0,1,9,2014,2,5,23,0.0,21.0
0,1,9,2014,2,6,32,0.0,22.0
0,1,9,2014,2,7,51,0.0,23.0
0,1,9,2014,2,7,52,0.0,24.0
0,1,9,2014,2,8,42,0.0,25.0
0,1,9,2014,2,8,43,0.0,26.0
0,1,9,2014,2,8,44,0.0,27.0
0,1,9,2015,1,3,1,0.0,0.0
0,1,9,2015,1,3,2,0.0,1.0
0,1,9,2015,1,3,3,0.0,2.0
0,1,9,2015,1,4,11,0.0,3.0
0,1,9,2015,1,4,13,0.0,4.0
0,1,9,2015,1,4,12,0.0,5.0
0,1,9,2015,1,2,4,0.0,6.0
0,1,9,2015,1,6,31,0.0,7.0
0,1,9,2015,1,6,32,0.0,8.0
0,1,9,2015,1,6,33,0.0,9.0
0,1,9,2015,1,6,34,0.0,10.0
0,1,9,2015,1,8,41,0.0,11.0
0,1,9,2015,1,8,42,0.0,12.0
0,1,9,2015,1,8,43,0.0,13.0
0,1,9,2015,1,8,44,0.0,14.0
0,1,9,2015,1,8,45,0.0,15.0
0,1,9,2015,2,3,11,0.0,16.0
0,1,9,2015,2,3,21,0.0,17.0
0,1,9,2015,2,5,11,0.0,18.0
0,1,9,2015,2,5,21,0.0,19.0
0,1,9,2015,2,5,22,0.0,20.0
0,1,9,2015,2,5,23,0.0,21.0
0,1,9,2015,2,6,32,0.0,22.0
0,1,9,2015,2,7,51,0.0,23.0
0,1,9,2015,2,7,52,0.0,24.0
0,1,9,2015,2,8,42,0.0,25.0
0,1,9,2015,2,8,43,0.0,26.0
0,1,9,2015,2,8,44,0.0,27.0
0,1,9,2016,1,3,1,0.0,0.0
0,1,9,2016,1,3,2,0.0,1.0
0,1,9,2016,1,3,3,0.0,2.0
0,1,9,2016,1,4,11,0.0,3.0
0,1,9,2016,1,4,13,0.0,4.0
0,1,9,2016,1,4,12,0.0,5.0
0,1,9,2016,1,2,4,0.0,6.0
0,1,9,2016,1,6,31,0.0,7.0
0,1,9,2016,1,6,32,0.0,8.0
0,1,9,2016,1,6,33,0.0,9.0
0,1,9,2016,1,6,34,0.0,10.0
0,1,9,2016,1,8,41,0.0,11.0
0,1,9,2016,1,8,42,0.0,12.0
0,1,9,2016,1,8,43,0.0,13.0
0,1,9,2016,1,8,44,0.0,14.0
0,1,9,2016,1,8,45,0.0,15.0
0,1,9,2016,2,3,11,0.0,16.0
0,1,9,2016,2,3,21,0.0,17.0
0,1,9,2016,2,5,11,0.0,18.0
0,1,9,2016,2,5,21,0.0,19.0
0,1,9,2016,2,5,22,0.0,20.0
0,1,9,2016,2,5,23,0.0,21.0
0,1,9,2016,2,6,32,0.0,22.0
0,1,9,2016,2,7,51,0.0,23.0
0,1,9,2016,2,7,52,0.0,24.0
0,1,9,2016,2,8,42,0.0,25.0
0,1,9,2016,2,8,43,0.0,26.0
0,1,9,2016,2,8,44,0.0,27.0
0,1,9,2017,1,3,1,0.0,0.0
0,1,9,2017,1,3,2,0.0,1.0
0,1,9,2017,1,3,3,0.0,2.0
0,1,9,2017,1,4,11,0.0,3.0
0,1,9,2017,1,4,13,0.0,4.0
0,1,9,2017,1,4,12,0.0,5.0
0,1,9,2017,1,2,4,0.0,6.0
0,1,9,2017,1,6,31,0.0,7.0
0,1,9,2017,1,6,32,0.0,8.0
0,1,9,2017,1,6,33,0.0,9.0
0,1,9,2017,1,6,34,0.0,10.0
0,1,9,2017,1,8,41,0.0,11.0
0,1,9,2017,1,8,42,0.0,12.0
0,1,9,2017,1,8,43,0.0,13.0
0,1,9,2017,1,8,44,0.0,14.0
0,1,9,2017,1,8,45,0.0,15.0
0,1,9,2017,2,3,11,0.0,16.0
0,1,9,2017,2,3,21,0.0,17.0
0,1,9,2017,2,5,11,0.0,18.0
0,1,9,2017,2,5,21,0.0,19.0
0,1,9,2017,2,5,22,0.0,20.0
0,1,9,2017,2,5,23,0.0,21.0
0,1,9,2017,2,6,32,0.0,22.0
0,1,9,2017,2,7,51,0.0,23.0
0,1,9,2017,2,7,52,0.0,24.0
0,1,9,2017,2,8,42,0.0,25.0
0,1,9,2017,2,8,43,0.0,26.0
0,1,9,2017,2,8,44,0.0,27.0
0,1,9,2018,1,3,1,0.0,0.0
0,1,9,2018,1,3,2,0.0,1.0
0,1,9,2018,1,3,3,0.0,2.0
0,1,9,2018,1,4,11,0.0,3.0
0,1,9,2018,1,4,13,0.0,4.0
0,1,9,2018,1,4,12,0.0,5.0
0,1,9,2018,1,2,4,0.0,6.0
0,1,9,2018,1,6,31,0.0,7.0
0,1,9,2018,1,6,32,0.0,8.0
0,1,9,2018,1,6,33,0.0,9.0
0,1,9,2018,1,6,34,0.0,10.0
0,1,9,2018,1,8,41,0.0,11.0
0,1,9,2018,1,8,42,0.0,12.0
0,1,9,2018,1,8,43,0.0,13.0
0,1,9,2018,1,8,44,0.0,14.0
0,1,9,2018,1,8,45,0.0,15.0
0,1,9,2018,2,3,11,0.0,16.0
0,1,9,2018,2,3,21,0.0,17.0
0,1,9,2018,2,5,11,0.0,18.0
0,1,9,2018,2,5,21,0.0,19.0
0,1,9,2018,2,5,22,0.0,20.0
0,1,9,2018,2,5,23,0.0,21.0
0,1,9,2018,2,6,32,0.0,22.0
0,1,9,2018,2,7,51,0.0,23.0
0,1,9,2018,2,7,52,0.0,24.0
0,1,9,2018,2,8,42,0.0,25.0
0,1,9,2018,2,8,43,0.0,26.0
0,1,9,2018,2,8,44,0.0,27.0
0,1,9,2019,1,3,1,0.0,0.0
0,1,9,2019,1,3,2,0.0,1.0
0,1,9,2019,1,3,3,0.0,2.0
0,1,9,2019,1,4,11,0.0,3.0
0,1,9,2019,1,4,13,0.0,4.0
0,1,9,2019,1,4,12,0.0,5.0
0,1,9,2019,1,2,4,0.0,6.0
0,1,9,2019,1,6,31,0.0,7.0
0,1,9,2019,1,6,32,0.0,8.0
0,1,9,2019,1,6,33,0.0,9.0
0,1,9,2019,1,6,34,0.0,10.0
0,1,9,2019,1,8,41,0.0,11.0
0,1,9,2019,1,8,42,0.0,12.0
0,1,9,2019,1,8,43,0.0,13.0
0,1,9,2019,1,8,44,0.0,14.0
0,1,9,2019,1,8,45,0.0,15.0
0,1,9,2019,2,3,11,0.0,16.0
0,1,9,2019,2,3,21,0.0,17.0
0,1,9,2019,2,5,11,0.0,18.0
0,1,9,2019,2,5,21,0.0,19.0
0,1,9,2019,2,5,22,0.0,20.0
0,1,9,2019,2,5,23,0.0,21.0
0,1,9,2019,2,6,32,0.0,22.0
0,1,9,2019,2,7,51,0.0,23.0
0,1,9,2019,2,7,52,0.0,24.0
0,1,9,2019,2,8,42,0.0,25.0
0,1,9,2019,2,8,43,0.0,26.0
0,1,9,2019,2,8,44,0.0,27.0
0,1,9,2020,1,3,1,0.0,0.0
0,1,9,2020,1,3,2,0.0,1.0
0,1,9,2020,1,3,3,0.0,2.0
0,1,9,2020,1,4,11,0.0,3.0
0,1,9,2020,1,4,13,0.0,4.0
0,1,9,2020,1,4,12,0.0,5.0
0,1,9,2020,1,2,4,0.0,6.0
0,1,9,2020,1,6,31,0.0,7.0
0,1,9,2020,1,6,32,0.0,8.0
0,1,9,2020,1,6,33,0.0,9.0
0,1,9,2020,1,6,34,0.0,10.0
0,1,9,2020,1,8,41,0.0,11.0
0,1,9,2020,1,8,42,0.0,12.0
0,1,9,2020,1,8,43,0.0,13.0
0,1,9,2020,1,8,44,0.0,14.0
0,1,9,2020,1,8,45,0.0,15.0
0,1,9,2020,2,3,11,0.0,16.0
0,1,9,2020,2,3,21,0.0,17.0
0,1,9,2020,2,5,11,0.0,18.0
0,1,9,2020,2,5,21,0.0,19.0
0,1,9,2020,2,5,22,0.0,20.0
0,1,9,2020,2,5,23,0.0,21.0
0,1,9,2020,2,6,32,0.0,22.0
0,1,9,2020,2,7,51,0.0,23.0
0,1,9,2020,2,7,52,0.0,24.0
0,1,9,2020,2,8,42,0.0,25.0
0,1,9,2020,2,8,43,0.0,26.0
0,1,9,2020,2,8,44,0.0,27.0
0,1,9,2021,1,3,1,0.0,0.0
0,1,9,2021,1,3,2,0.0,1.0
0,1,9,2021,1,3,3,0.0,2.0
0,1,9,2021,1,4,11,0.0,3.0
0,1,9,2021,1,4,13,0.0,4.0
0,1,9,2021,1,4,12,0.0,5.0
0,1,9,2021,1,2,4,0.0,6.0
0,1,9,2021,1,6,31,0.0,7.0
0,1,9,2021,1,6,32,0.0,8.0
0,1,9,2021,1,6,33,0.0,9.0
0,1,9,2021,1,6,34,0.0,10.0
0,1,9,2021,1,8,41,0.0,11.0
0,1,9,2021,1,8,42,0.0,12.0
0,1,9,2021,1,8,43,0.0,13.0
0,1,9,2021,1,8,44,0.0,14.0
0,1,9,2021,1,8,45,0.0,15.0
0,1,9,2021,2,3,11,0.0,16.0
0,1,9,2021,2,3,21,0.0,17.0
0,1,9,2021,2,5,11,0.0,18.0
0,1,9,2021,2,5,21,0.0,19.0
0,1,9,2021,2,5,22,0.0,20.0
0,1,9,2021,2,5,23,0.0,21.0
0,1,9,2021,2,6,32,0.0,22.0
0,1,9,2021,2,7,51,0.0,23.0
0,1,9,2021,2,7,52,0.0,24.0
0,1,9,2021,2,8,42,0.0,25.0
0,1,9,2021,2,8,43,0.0,26.0
0,1,9,2021,2,8,44,0.0,27.0
0,1,9,2022,1,3,1,0.0,0.0
0,1,9,2022,1,3,2,0.0,1.0
0,1,9,2022,1,3,3,0.0,2.0
0,1,9,2022,1,4,11,0.0,3.0
0,1,9,2022,1,4,13,0.0,4.0
0,1,9,2022,1,4,12,0.0,5.0
0,1,9,2022,1,2,4,0.0,6.0
0,1,9,2022,1,6,31,0.0,7.0
0,1,9,2022,1,6,32,0.0,8.0
0,1,9,2022,1,6,33,0.0,9.0
0,1,9,2022,1,6,34,0.0,10.0
0,1,9,2022,1,8,41,0.0,11.0
0,1,9,2022,1,8,42,0.0,12.0
0,1,9,2022,1,8,43,0.0,13.0
0,1,9,2022,1,8,44,0.0,14.0
0,1,9,2022,1,8,45,0.0,15.0
0,1,9,2022,2,3,11,0.0,16.0
0,1,9,2022,2,3,21,0.0,17.0
0,1,9,2022,2,5,11,0.0,18.0
0,1,9,2022,2,5,21,0.0,19.0
0,1,9,2022,2,5,22,0.0,20.0
0,1,9,2022,2,5,23,0.0,21.0
0,1,9,2022,2,6,32,0.0,22.0
0,1,9,2022,2,7,51,0.0,23.0
0,1,9,2022,2,7,52,0.0,24.0
0,1,9,2022,2,8,42,0.0,25.0
0,1,9,2022,2,8,43,0.0,26.0
0,1,9,2022,2,8,44,0.0,27.0
0,1,9,2023,1,3,1,0.0,0.0
0,1,9,2023,1,3,2,0.0,1.0
0,1,9,2023,1,3,3,0.0,2.0
0,1,9,2023,1,4,11,0.0,3.0
0,1,9,2023,1,4,13,0.0,4.0
0,1,9,2023,1,4,12,0.0,5.0
0,1,9,2023,1,2,4,0.0,6.0
0,1,9,2023,1,6,31,0.0,7.0
0,1,9,2023,1,6,32,0.0,8.0
0,1,9,2023,1,6,33,0.0,9.0
0,1,9,2023,1,6,34,0.0,10.0
0,1,9,2023,1,8,41,0.0,11.0
0,1,9,2023,1,8,42,0.0,12.0
0,1,9,2023,1,8,43,0.0,13.0
0,1,9,2023,1,8,44,0.0,14.0
0,1,9,2023,1,8,45,0.0,15.0
0,1,9,2023,2,3,11,0.0,16.0
0,1,9,2023,2,3,21,0.0,17.0
0,1,9,2023,2,5,11,0.0,18.0
0,1,9,2023,2,5,21,0.0,19.0
0,1,9,2023,2,5,22,0.0,20.0
0,1,9,2023,2,5,23,0.0,21.0
0,1,9,2023,2,6,32,0.0,22.0
0,1,9,2023,2,7,51,0.0,23.0
0,1,9,2023,2,7,52,0.0,24.0
0,1,9,2023,2,8,42,0.0,25.0
0,1,9,2023,2,8,43,0.0,26.0
0,1,9,2023,2,8,44,0.0,27.0
0,1,9,2024,1,3,1,0.0,0.0
0,1,9,2024,1,3,2,0.0,1.0
0,1,9,2024,1,3,3,0.0,2.0
0,1,9,2024,1,4,11,0.0,3.0
0,1,9,2024,1,4,13,0.0,4.0
0,1,9,2024,1,4,12,0.0,5.0
0,1,9,2024,1,2,4,0.0,6.0
0,1,9,2024,1,6,31,0.0,7.0
0,1,9,2024,1,6,32,0.0,8.0
0,1,9,2024,1,6,33,0.0,9.0
0,1,9,2024,1,6,34,0.0,10.0
0,1,9,2024,1,8,41,0.0,11.0
0,1,9,2024,1,8,42,0.0,12.0
0,1,9,2024,1,8,43,0.0,13.0
0,1,9,2024,1,8,44,0.0,14.0
0,1,9,2024,1,8,45,0.0,15.0
0,1,9,2024,2,3,11,0.0,16.0
0,1,9,2024,2,3,21,0.0,17.0
0,1,9,2024,2,5,11,0.0,18.0
0,1,9,2024,2,5,21,0.0,19.0
0,1,9,2024,2,5,22,0.0,20.0
0,1,9,2024,2,5,23,0.0,21.0
0,1,9,2024,2,6,32,0.0,22.0
0,1,9,2024,2,7,51,0.0,23.0
0,1,9,2024,2,7,52,0.0,24.0
0,1,9,2024,2,8,42,0.0,25.0
0,1,9,2024,2,8,43,0.0,26.0
0,1,9,2024,2,8,44,0.0,27.0
0,1,9,2025,1,3,1,0.0,0.0
0,1,9,2025,1,3,2,0.0,1.0
0,1,9,2025,1,3,3,0.0,2.0
0,1,9,2025,1,4,11,0.0,3.0
0,1,9,2025,1,4,13,0.0,4.0
0,1,9,2025,1,4,12,0.0,5.0
0,1,9,2025,1,2,4,0.0,6.0
0,1,9,2025,1,6,31,0.0,7.0
0,1,9,2025,1,6,32,0.0,8.0
0,1,9,2025,1,6,33,0.0,9.0
0,1,9,2025,1,6,34,0.0,10.0
0,1,9,2025,1,8,41,0.0,11.0
0,1,9,2025,1,8,42,0.0,12.0
0,1,9,2025,1,8,43,0.0,13.0
0,1,9,2025,1,8,44,0.0,14.0
0,1,9,2025,1,8,45,0.0,15.0
0,1,9,2025,2,3,11,0.0,16.0
0,1,9,2025,2,3,21,0.0,17.0
0,1,9,2025,2,5,11,0.0,18.0
0,1,9,2025,2,5,21,0.0,19.0
0,1,9,2025,2,5,22,0.0,20.0
0,1,9,2025,2,5,23,0.0,21.0
0,1,9,2025,2,6,32,0.0,22.0
0,1,9,2025,2,7,51,0.0,23.0
0,1,9,2025,2,7,52,0.0,24.0
0,1,9,2025,2,8,42,0.0,25.0
0,1,9,2025,2,8,43,0.0,26.0
0,1,9,2025,2,8,44,0.0,27.0
0,1,9,2026,1,3,1,0.0,0.0
0,1,9,2026,1,3,2,0.0,1.0
0,1,9,2026,1,3,3,0.0,2.0
0,1,9,2026,1,4,11,0.0,3.0
0,1,9,2026,1,4,13,0.0,4.0
0,1,9,2026,1,4,12,0.0,5.0
0,1,9,2026,1,2,4,0.0,6.0
0,1,9,2026,1,6,31,0.0,7.0
0,1,9,2026,1,6,32,0.0,8.0
0,1,9,2026,1,6,33,0.0,9.0
0,1,9,2026,1,6,34,0.0,10.0
0,1,9,2026,1,8,41,0.0,11.0
0,1,9,2026,1,8,42,0.0,12.0
0,1,9,2026,1,8,43,0.0,13.0
0,1,9,2026,1,8,44,0.0,14.0
0,1,9,2026,1,8,45,0.0,15.0
0,1,9,2026,2,3,11,0.0,16.0
0,1,9,2026,2,3,21,0.0,17.0
0,1,9,2026,2,5,11,0.0,18.0
0,1,9,2026,2,5,21,0.0,19.0
0,1,9,2026,2,5,22,0.0,20.0
0,1,9,2026,2,5,23,0.0,21.0
0,1,9,2026,2,6,32,0.0,22.0
0,1,9,2026,2,7,51,0.0,23.0
0,1,9,2026,2,7,52,0.0,24.0
0,1,9,2026,2,8,42,0.0,25.0
0,1,9,2026,2,8,43,0.0,26.0
0,1,9,2026,2,8,44,0.0,27.0
0,1,9,2027,1,3,1,0.0,0.0
0,1,9,2027,1,3,2,0.0,1.0
0,1,9,2027,1,3,3,0.0,2.0
0,1,9,2027,1,4,11,0.0,3.0
0,1,9,2027,1,4,13,0.0,4.0
0,1,9,2027,1,4,12,0.0,5.0
0,1,9,2027,1,2,4,0.0,6.0
0,1,9,2027,1,6,31,0.0,7.0
0,1,9,2027,1,6,32,0.0,8.0
0,1,9,2027,1,6,33,0.0,9.0
0,1,9,2027,1,6,34,0.0,10.0
0,1,9,2027,1,8,41,0.0,11.0
0,1,9,2027,1,8,42,0.0,12.0
0,1,9,2027,1,8,43,0.0,13.0
0,1,9,2027,1,8,44,0.0,14.0
0,1,9,2027,1,8,45,0.0,15.0
0,1,9,2027,2,3,11,0.0,16.0
0,1,9,2027,2,3,21,0.0,17.0
0,1,9,2027,2,5,11,0.0,18.0
0,1,9,2027,2,5,21,0.0,19.0
0,1,9,2027,2,5,22,0.0,20.0
0,1,9,2027,2,5,23,0.0,21.0
0,1,9,2027,2,6,32,0.0,22.0
0,1,9,2027,2,7,51,0.0,23.0
0,1,9,2027,2,7,52,0.0,24.0
0,1,9,2027,2,8,42,0.0,25.0
0,1,9,2027,2,8,43,0.0,26.0
0,1,9,2027,2,8,44,0.0,27.0
0,1,9,2028,1,3,1,0.0,0.0
0,1,9,2028,1,3,2,0.0,1.0
0,1,9,2028,1,3,3,0.0,2.0
0,1,9,2028,1,4,11,0.0,3.0
0,1,9,2028,1,4,13,0.0,4.0
0,1,9,2028,1,4,12,0.0,5.0
0,1,9,2028,1,2,4,0.0,6.0
0,1,9,2028,1,6,31,0.0,7.0
0,1,9,2028,1,6,32,0.0,8.0
0,1,9,2028,1,6,33,0.0,9.0
0,1,9,2028,1,6,34,0.0,10.0
0,1,9,2028,1,8,41,0.0,11.0
0,1,9,2028,1,8,42,0.0,12.0
0,1,9,2028,1,8,43,0.0,13.0
0,1,9,2028,1,8,44,0.0,14.0
0,1,9,2028,1,8,45,0.0,15.0
0,1,9,2028,2,3,11,0.0,16.0
0,1,9,2028,2,3,21,0.0,17.0
0,1,9,2028,2,5,11,0.0,18.0
0,1,9,2028,2,5,21,0.0,19.0
0,1,9,2028,2,5,22,0.0,20.0
0,1,9,2028,2,5,23,0.0,21.0
0,1,9,2028,2,6,32,0.0,22.0
0,1,9,2028,2,7,51,0.0,23.0
0,1,9,2028,2,7,52,0.0,24.0
0,1,9,2028,2,8,42,0.0,25.0
0,1,9,2028,2,8,43,0.0,26.0
0,1,9,2028,2,8,44,0.0,27.0
0,1,9,2029,1,3,1,0.0,0.0
0,1,9,2029,1,3,2,0.0,1.0
0,1,9,2029,1,3,3,0.0,2.0
0,1,9,2029,1,4,11,0.0,3.0
0,1,9,2029,1,4,13,0.0,4.0
0,1,9,2029,1,4,12,0.0,5.0
0,1,9,2029,1,2,4,0.0,6.0
0,1,9,2029,1,6,31,0.0,7.0
0,1,9,2029,1,6,32,0.0,8.0
0,1,9,2029,1,6,33,0.0,9.0
0,1,9,2029,1,6,34,0.0,10.0
0,1,9,2029,1,8,41,0.0,11.0
0,1,9,2029,1,8,42,0.0,12.0
0,1,9,2029,1,8,43,0.0,13.0
0,1,9,2029,1,8,44,0.0,14.0
0,1,9,2029,1,8,45,0.0,15.0
0,1,9,2029,2,3,11,0.0,16.0
0,1,9,2029,2,3,21,0.0,17.0
0,1,9,2029,2,5,11,0.0,18.0
0,1,9,2029,2,5,21,0.0,19.0
0,1,9,2029,2,5,22,0.0,20.0
0,1,9,2029,2,5,23,0.0,21.0
0,1,9,2029,2,6,32,0.0,22.0
0,1,9,2029,2,7,51,0.0,23.0
0,1,9,2029,2,7,52,0.0,24.0
0,1,9,2029,2,8,42,0.0,25.0
0,1,9,2029,2,8,43,0.0,26.0
0,1,9,2029,2,8,44,0.0,27.0
0,1,9,2030,1,3,1,0.0,0.0
0,1,9,2030,1,3,2,0.0,1.0
0,1,9,2030,1,3,3,0.0,2.0
0,1,9,2030,1,4,11,0.0,3.0
0,1,9,2030,1,4,13,0.0,4.0
0,1,9,2030,1,4,12,0.0,5.0
0,1,9,2030,1,2,4,0.0,6.0
0,1,9,2030,1,6,31,0.0,7.0
0,1,9,2030,1,6,32,0.0,8.0
0,1,9,2030,1,6,33,0.0,9.0
0,1,9,2030,1,6,34,0.0,10.0
0,1,9,2030,1,8,41,0.0,11.0
0,1,9,2030,1,8,42,0.0,12.0
0,1,9,2030,1,8,43,0.0,13.0
0,1,9,2030,1,8,44,0.0,14.0
0,1,9,2030,1,8,45,0.0,15.0
0,1,9,2030,2,3,11,0.0,16.0
0,1,9,2030,2,3,21,0.0,17.0
0,1,9,2030,2,5,11,0.0,18.0
0,1,9,2030,2,5,21,0.0,19.0
0,1,9,2030,2,5,22,0.0,20.0
0,1,9,2030,2,5,23,0.0,21.0
0,1,9,2030,2,6,32,0.0,22.0
0,1,9,2030,2,7,51,0.0,23.0
0,1,9,2030,2,7,52,0.0,24.0
0,1,9,2030,2,8,42,0.0,25.0
0,1,9,2030,2,8,43,0.0,26.0
0,1,9,2030,2,8,44,0.0,27.0
0,1,9,2031,1,3,1,0.0,0.0
0,1,9,2031,1,3,2,0.0,1.0
0,1,9,2031,1,3,3,0.0,2.0
0,1,9,2031,1,4,11,0.0,3.0
0,1,9,2031,1,4,13,0.0,4.0
0,1,9,2031,1,4,12,0.0,5.0
0,1,9,2031,1,2,4,0.0,6.0
0,1,9,2031,1,6,31,0.0,7.0
0,1,9,2031,1,6,32,0.0,8.0
0,1,9,2031,1,6,33,0.0,9.0
0,1,9,2031,1,6,34,0.0,10.0
0,1,9,2031,1,8,41,0.0,11.0
0,1,9,2031,1,8,42,0.0,12.0
0,1,9,2031,1,8,43,0.0,13.0
0,1,9,2031,1,8,44,0.0,14.0
0,1,9,2031,1,8,45,0.0,15.0
0,1,9,2031,2,3,11,0.0,16.0
0,1,9,2031,2,3,21,0.0,17.0
0,1,9,2031,2,5,11,0.0,18.0
0,1,9,2031,2,5,21,0.0,19.0
0,1,9,2031,2,5,22,0.0,20.0
0,1,9,2031,2,5,23,0.0,21.0
0,1,9,2031,2,6,32,0.0,22.0
0,1,9,2031,2,7,51,0.0,23.0
0,1,9,2031,2,7,52,0.0,24.0
0,1,9,2031,2,8,42,0.0,25.0
0,1,9,2031,2,8,43,0.0,26.0
0,1,9,2031,2,8,44,0.0,27.0
0,1,9,2032,1,3,1,0.0,0.0
0,1,9,2032,1,3,2,0.0,1.0
0,1,9,2032,1,3,3,0.0,2.0
0,1,9,2032,1,4,11,0.0,3.0
0,1,9,2032,1,4,13,0.0,4.0
0,1,9,2032,1,4,12,0.0,5.0
0,1,9,2032,1,2,4,0.0,6.0
0,1,9,2032,1,6,31,0.0,7.0
0,1,9,2032,1,6,32,0.0,8.0
0,1,9,2032,1,6,33,0.0,9.0
0,1,9,2032,1,6,34,0.0,10.0
0,1,9,2032,1,8,41,0.0,11.0
0,1,9,2032,1,8,42,0.0,12.0
0,1,9,2032,1,8,43,0.0,13.0
0,1,9,2032,1,8,44,0.0,14.0
0,1,9,2032,1,8,45,0.0,15.0
0,1,9,2032,2,3,11,0.0,16.0
0,1,9,2032,2,3,21,0.0,17.0
0,1,9,2032,2,5,11,0.0,18.0
0,1,9,2032,2,5,21,0.0,19.0
0,1,9,2032,2,5,22,0.0,20.0
0,1,9,2032,2,5,23,0.0,21.0
0,1,9,2032,2,6,32,0.0,22.0
0,1,9,2032,2,7,51,0.0,23.0
0,1,9,2032,2,7,52,0.0,24.0
0,1,9,2032,2,8,42,0.0,25.0
0,1,9,2032,2,8,43,0.0,26.0
0,1,9,2032,2,8,44,0.0,27.0
0,1,9,2033,1,3,1,0.0,0.0
0,1,9,2033,1,3,2,0.0,1.0
0,1,9,2033,1,3,3,0.0,2.0
0,1,9,2033,1,4,11,0.0,3.0
0,1,9,2033,1,4,13,0.0,4.0
0,1,9,2033,1,4,12,0.0,5.0
0,1,9,2033,1,2,4,0.0,6.0
0,1,9,2033,1,6,31,0.0,7.0
0,1,9,2033,1,6,32,0.0,8.0
0,1,9,2033,1,6,33,0.0,9.0
0,1,9,2033,1,6,34,0.0,10.0
0,1,9,2033,1,8,41,0.0,11.0
0,1,9,2033,1,8,42,0.0,12.0
0,1,9,2033,1,8,43,0.0,13.0
0,1,9,2033,1,8,44,0.0,14.0
0,1,9,2033,1,8,45,0.0,15.0
0,1,9,2033,2,3,11,0.0,16.0
0,1,9,2033,2,3,21,0.0,17.0
0,1,9,2033,2,5,11,0.0,18.0
0,1,9,2033,2,5,21,0.0,19.0
0,1,9,2033,2,5,22,0.0,20.0
0,1,9,2033,2,5,23,0.0,21.0
0,1,9,2033,2,6,32,0.0,22.0
0,1,9,2033,2,7,51,0.0,23.0
0,1,9,2033,2,7,52,0.0,24.0
0,1,9,2033,2,8,42,0.0,25.0
0,1,9,2033,2,8,43,0.0,26.0
0,1,9,2033,2,8,44,0.0,27.0
0,1,9,2034,1,3,1,0.0,0.0
0,1,9,2034,1,3,2,0.0,1.0
0,1,9,2034,1,3,3,0.0,2.0
0,1,9,2034,1,4,11,0.0,3.0
0,1,9,2034,1,4,13,0.0,4.0
0,1,9,2034,1,4,12,0.0,5.0
0,1,9,2034,1,2,4,0.0,6.0
0,1,9,2034,1,6,31,0.0,7.0
0,1,9,2034,1,6,32,0.0,8.0
0,1,9,2034,1,6,33,0.0,9.0
0,1,9,2034,1,6,34,0.0,10.0
0,1,9,2034,1,8,41,0.0,11.0
0,1,9,2034,1,8,42,0.0,12.0
0,1,9,2034,1,8,43,0.0,13.0
0,1,9,2034,1,8,44,0.0,14.0
0,1,9,2034,1,8,45,0.0,15.0
0,1,9,2034,2,3,11,0.0,16.0
0,1,9,2034,2,3,21,0.0,17.0
0,1,9,2034,2,5,11,0.0,18.0
0,1,9,2034,2,5,21,0.0,19.0
0,1,9,2034,2,5,22,0.0,20.0
0,1,9,2034,2,5,23,0.0,21.0
0,1,9,2034,2,6,32,0.0,22.0
0,1,9,2034,2,7,51,0.0,23.0
0,1,9,2034,2,7,52,0.0,24.0
0,1,9,2034,2,8,42,0.0,25.0
0,1,9,2034,2,8,43,0.0,26.0
0,1,9,2034,2,8,44,0.0,27.0
0,1,9,2035,1,3,1,0.0,0.0
0,1,9,2035,1,3,2,0.0,1.0
0,1,9,2035,1,3,3,0.0,2.0
0,1,9,2035,1,4,11,0.0,3.0
0,1,9,2035,1,4,13,0.0,4.0
0,1,9,2035,1,4,12,0.0,5.0
0,1,9,2035,1,2,4,0.0,6.0
0,1,9,2035,1,6,31,0.0,7.0
0,1,9,2035,1,6,32,0.0,8.0
0,1,9,2035,1,6,33,0.0,9.0
0,1,9,2035,1,6,34,0.0,10.0
0,1,9,2035,1,8,41,0.0,11.0
0,1,9,2035,1,8,42,0.0,12.0
0,1,9,2035,1,8,43,0.0,13.0
0,1,9,2035,1,8,44,0.0,14.0
0,1,9,2035,1,8,45,0.0,15.0
0,1,9,2035,2,3,11,0.0,16.0
0,1,9,2035,2,3,21,0.0,17.0
0,1,9,2035,2,5,11,0.0,18.0
0,1,9,2035,2,5,21,0.0,19.0
0,1,9,2035,2,5,22,0.0,20.0
0,1,9,2035,2,5,23,0.0,21.0
0,1,9,2035,2,6,32,0.0,22.0
0,1,9,2035,2,7,51,0.0,23.0
0,1,9,2035,2,7,52,0.0,24.0
0,1,9,2035,2,8,42,0.0,25.0
0,1,9,2035,2,8,43,0.0,26.0
0,1,9,2035,2,8,44,0.0,27.0
0,1,9,2036,1,3,1,0.0,0.0
0,1,9,2036,1,3,2,0.0,1.0
0,1,9,2036,1,3,3,0.0,2.0
0,1,9,2036,1,4,11,0.0,3.0
0,1,9,2036,1,4,13,0.0,4.0
0,1,9,2036,1,4,12,0.0,5.0
0,1,9,2036,1,2,4,0.0,6.0
0,1,9,2036,1,6,31,0.0,7.0
0,1,9,2036,1,6,32,0.0,8.0
0,1,9,2036,1,6,33,0.0,9.0
0,1,9,2036,1,6,34,0.0,10.0
0,1,9,2036,1,8,41,0.0,11.0
0,1,9,2036,1,8,42,0.0,12.0
0,1,9,2036,1,8,43,0.0,13.0
0,1,9,2036,1,8,44,0.0,14.0
0,1,9,2036,1,8,45,0.0,15.0
0,1,9,2036,2,3,11,0.0,16.0
0,1,9,2036,2,3,21,0.0,17.0
0,1,9,2036,2,5,11,0.0,18.0
0,1,9,2036,2,5,21,0.0,19.0
0,1,9,2036,2,5,22,0.0,20.0
0,1,9,2036,2,5,23,0.0,21.0
0,1,9,2036,2,6,32,0.0,22.0
0,1,9,2036,2,7,51,0.0,23.0
0,1,9,2036,2,7,52,0.0,24.0
0,1,9,2036,2,8,42,0.0,25.0
0,1,9,2036,2,8,43,0.0,26.0
0,1,9,2036,2,8,44,0.0,27.0
0,1,9,2037,1,3,1,0.0,0.0
0,1,9,2037,1,3,2,0.0,1.0
0,1,9,2037,1,3,3,0.0,2.0
0,1,9,2037,1,4,11,0.0,3.0
0,1,9,2037,1,4,13,0.0,4.0
0,1,9,2037,1,4,12,0.0,5.0
0,1,9,2037,1,2,4,0.0,6.0
0,1,9,2037,1,6,31,0.0,7.0
0,1,9,2037,1,6,32,0.0,8.0
0,1,9,2037,1,6,33,0.0,9.0
0,1,9,2037,1,6,34,0.0,10.0
0,1,9,2037,1,8,41,0.0,11.0
0,1,9,2037,1,8,42,0.0,12.0
0,1,9,2037,1,8,43,0.0,13.0
0,1,9,2037,1,8,44,0.0,14.0
0,1,9,2037,1,8,45,0.0,15.0
0,1,9,2037,2,3,11,0.0,16.0
0,1,9,2037,2,3,21,0.0,17.0
0,1,9,2037,2,5,11,0.0,18.0
0,1,9,2037,2,5,21,0.0,19.0
0,1,9,2037,2,5,22,0.0,20.0
0,1,9,2037,2,5,23,0.0,21.0
0,1,9,2037,2,6,32,0.0,22.0
0,1,9,2037,2,7,51,0.0,23.0
0,1,9,2037,2,7,52,0.0,24.0
0,1,9,2037,2,8,42,0.0,25.0
0,1,9,2037,2,8,43,0.0,26.0
0,1,9,2037,2,8,44,0.0,27.0
0,1,9,2038,1,3,1,0.0,0.0
0,1,9,2038,1,3,2,0.0,1.0
0,1,9,2038,1,3,3,0.0,2.0
0,1,9,2038,1,4,11,0.0,3.0
0,1,9,2038,1,4,13,0.0,4.0
0,1,9,2038,1,4,12,0.0,5.0
0,1,9,2038,1,2,4,0.0,6.0
0,1,9,2038,1,6,31,0.0,7.0
0,1,9,2038,1,6,32,0.0,8.0
0,1,9,2038,1,6,33,0.0,9.0
0,1,9,2038,1,6,34,0.0,10.0
0,1,9,2038,1,8,41,0.0,11.0
0,1,9,2038,1,8,42,0.0,12.0
0,1,9,2038,1,8,43,0.0,13.0
0,1,9,2038,1,8,44,0.0,14.0
0,1,9,2038,1,8,45,0.0,15.0
0,1,9,2038,2,3,11,0.0,16.0
0,1,9,2038,2,3,21,0.0,17.0
0,1,9,2038,2,5,11,0.0,18.0
0,1,9,2038,2,5,21,0.0,19.0
0,1,9,2038,2,5,22,0.0,20.0
0,1,9,2038,2,5,23,0.0,21.0
0,1,9,2038,2,6,32,0.0,22.0
0,1,9,2038,2,7,51,0.0,23.0
0,1,9,2038,2,7,52,0.0,24.0
0,1,9,2038,2,8,42,0.0,25.0
0,1,9,2038,2,8,43,0.0,26.0
0,1,9,2038,2,8,44,0.0,27.0
0,1,9,2039,1,3,1,0.0,0.0
0,1,9,2039,1,3,2,0.0,1.0
0,1,9,2039,1,3,3,0.0,2.0
0,1,9,2039,1,4,11,0.0,3.0
0,1,9,2039,1,4,13,0.0,4.0
0,1,9,2039,1,4,12,0.0,5.0
0,1,9,2039,1,2,4,0.0,6.0
0,1,9,2039,1,6,31,0.0,7.0
0,1,9,2039,1,6,32,0.0,8.0
0,1,9,2039,1,6,33,0.0,9.0
0,1,9,2039,1,6,34,0.0,10.0
0,1,9,2039,1,8,41,0.0,11.0
0,1,9,2039,1,8,42,0.0,12.0
0,1,9,2039,1,8,43,0.0,13.0
0,1,9,2039,1,8,44,0.0,14.0
0,1,9,2039,1,8,45,0.0,15.0
0,1,9,2039,2,3,11,0.0,16.0
0,1,9,2039,2,3,21,0.0,17.0
0,1,9,2039,2,5,11,0.0,18.0
0,1,9,2039,2,5,21,0.0,19.0
0,1,9,2039,2,5,22,0.0,20.0
0,1,9,2039,2,5,23,0.0,21.0
0,1,9,2039,2,6,32,0.0,22.0
0,1,9,2039,2,7,51,0.0,23.0
0,1,9,2039,2,7,52,0.0,24.0
0,1,9,2039,2,8,42,0.0,25.0
0,1,9,2039,2,8,43,0.0,26.0
0,1,9,2039,2,8,44,0.0,27.0
0,1,9,2040,1,3,1,0.0,0.0
0,1,9,2040,1,3,2,0.0,1.0
0,1,9,2040,1,3,3,0.0,2.0
0,1,9,2040,1,4,11,0.0,3.0
0,1,9,2040,1,4,13,0.0,4.0
0,1,9,2040,1,4,12,0.0,5.0
0,1,9,2040,1,2,4,0.0,6.0
0,1,9,2040,1,6,31,0.0,7.0
0,1,9,2040,1,6,32,0.0,8.0
0,1,9,2040,1,6,33,0.0,9.0
0,1,9,2040,1,6,34,0.0,10.0
0,1,9,2040,1,8,41,0.0,11.0
0,1,9,2040,1,8,42,0.0,12.0
0,1,9,2040,1,8,43,0.0,13.0
0,1,9,2040,1,8,44,0.0,14.0
0,1,9,2040,1,8,45,0.0,15.0
0,1,9,2040,2,3,11,0.0,16.0
0,1,9,2040,2,3,21,0.0,17.0
0,1,9,2040,2,5,11,0.0,18.0
0,1,9,2040,2,5,21,0.0,19.0
0,1,9,2040,2,5,22,0.0,20.0
0,1,9,2040,2,5,23,0.0,21.0
0,1,9,2040,2,6,32,0.0,22.0
0,1,9,2040,2,7,51,0.0,23.0
0,1,9,2040,2,7,52,0.0,24.0
0,1,9,2040,2,8,42,0.0,25.0
0,1,9,2040,2,8,43,0.0,26.0
0,1,9,2040,2,8,44,0.0,27.0
0,1,9,2041,1,3,1,0.0,0.0
0,1,9,2041,1,3,2,0.0,1.0
0,1,9,2041,1,3,3,0.0,2.0
0,1,9,2041,1,4,11,0.0,3.0
0,1,9,2041,1,4,13,0.0,4.0
0,1,9,2041,1,4,12,0.0,5.0
0,1,9,2041,1,2,4,0.0,6.0
0,1,9,2041,1,6,31,0.0,7.0
0,1,9,2041,1,6,32,0.0,8.0
0,1,9,2041,1,6,33,0.0,9.0
0,1,9,2041,1,6,34,0.0,10.0
0,1,9,2041,1,8,41,0.0,11.0
0,1,9,2041,1,8,42,0.0,12.0
0,1,9,2041,1,8,43,0.0,13.0
0,1,9,2041,1,8,44,0.0,14.0
0,1,9,2041,1,8,45,0.0,15.0
0,1,9,2041,2,3,11,0.0,16.0
0,1,9,2041,2,3,21,0.0,17.0
0,1,9,2041,2,5,11,0.0,18.0
0,1,9,2041,2,5,21,0.0,19.0
0,1,9,2041,2,5,22,0.0,20.0
0,1,9,2041,2,5,23,0.0,21.0
0,1,9,2041,2,6,32,0.0,22.0
0,1,9,2041,2,7,51,0.0,23.0
0,1,9,2041,2,7,52,0.0,24.0
0,1,9,2041,2,8,42,0.0,25.0
0,1,9,2041,2,8,43,0.0,26.0
0,1,9,2041,2,8,44,0.0,27.0
0,1,9,2042,1,3,1,0.0,0.0
0,1,9,2042,1,3,2,0.0,1.0
0,1,9,2042,1,3,3,0.0,2.0
0,1,9,2042,1,4,11,0.0,3.0
0,1,9,2042,1,4,13,0.0,4.0
0,1,9,2042,1,4,12,0.0,5.0
0,1,9,2042,1,2,4,0.0,6.0
0,1,9,2042,1,6,31,0.0,7.0
0,1,9,2042,1,6,32,0.0,8.0
0,1,9,2042,1,6,33,0.0,9.0
0,1,9,2042,1,6,34,0.0,10.0
0,1,9,2042,1,8,41,0.0,11.0
0,1,9,2042,1,8,42,0.0,12.0
0,1,9,2042,1,8,43,0.0,13.0
0,1,9,2042,1,8,44,0.0,14.0
0,1,9,2042,1,8,45,0.0,15.0
0,1,9,2042,2,3,11,0.0,16.0
0,1,9,2042,2,3,21,0.0,17.0
0,1,9,2042,2,5,11,0.0,18.0
0,1,9,2042,2,5,21,0.0,19.0
0,1,9,2042,2,5,22,0.0,20.0
0,1,9,2042,2,5,23,0.0,21.0
0,1,9,2042,2,6,32,0.0,22.0
0,1,9,2042,2,7,51,0.0,23.0
0,1,9,2042,2,7,52,0.0,24.0
0,1,9,2042,2,8,42,0.0,25.0
0,1,9,2042,2,8,43,0.0,26.0
0,1,9,2042,2,8,44,0.0,27.0
0,1,9,2043,1,3,1,0.0,0.0
0,1,9,2043,1,3,2,0.0,1.0
0,1,9,2043,1,3,3,0.0,2.0
0,1,9,2043,1,4,11,0.0,3.0
0,1,9,2043,1,4,13,0.0,4.0
0,1,9,2043,1,4,12,0.0,5.0
0,1,9,2043,1,2,4,0.0,6.0
0,1,9,2043,1,6,31,0.0,7.0
0,1,9,2043,1,6,32,0.0,8.0
0,1,9,2043,1,6,33,0.0,9.0
0,1,9,2043,1,6,34,0.0,10.0
0,1,9,2043,1,8,41,0.0,11.0
0,1,9,2043,1,8,42,0.0,12.0
0,1,9,2043,1,8,43,0.0,13.0
0,1,9,2043,1,8,44,0.0,14.0
0,1,9,2043,1,8,45,0.0,15.0
0,1,9,2043,2,3,11,0.0,16.0
0,1,9,2043,2,3,21,0.0,17.0
0,1,9,2043,2,5,11,0.0,18.0
0,1,9,2043,2,5,21,0.0,19.0
0,1,9,2043,2,5,22,0.0,20.0
0,1,9,2043,2,5,23,0.0,21.0
0,1,9,2043,2,6,32,0.0,22.0
0,1,9,2043,2,7,51,0.0,23.0
0,1,9,2043,2,7,52,0.0,24.0
0,1,9,2043,2,8,42,0.0,25.0
0,1,9,2043,2,8,43,0.0,26.0
0,1,9,2043,2,8,44,0.0,27.0
0,1,9,2044,1,3,1,0.0,0.0
0,1,9,2044,1,3,2,0.0,1.0
0,1,9,2044,1,3,3,0.0,2.0
0,1,9,2044,1,4,11,0.0,3.0
0,1,9,2044,1,4,13,0.0,4.0
0,1,9,2044,1,4,12,0.0,5.0
0,1,9,2044,1,2,4,0.0,6.0
0,1,9,2044,1,6,31,0.0,7.0
0,1,9,2044,1,6,32,0.0,8.0
0,1,9,2044,1,6,33,0.0,9.0
0,1,9,2044,1,6,34,0.0,10.0
0,1,9,2044,1,8,41,0.0,11.0
0,1,9,2044,1,8,42,0.0,12.0
0,1,9,2044,1,8,43,0.0,13.0
0,1,9,2044,1,8,44,0.0,14.0
0,1,9,2044,1,8,45,0.0,15.0
0,1,9,2044,2,3,11,0.0,16.0
0,1,9,2044,2,3,21,0.0,17.0
0,1,9,2044,2,5,11,0.0,18.0
0,1,9,2044,2,5,21,0.0,19.0
0,1,9,2044,2,5,22,0.0,20.0
0,1,9,2044,2,5,23,0.0,21.0
0,1,9,2044,2,6,32,0.0,22.0
0,1,9,2044,2,7,51,0.0,23.0
0,1,9,2044,2,7,52,0.0,24.0
0,1,9,2044,2,8,42,0.0,25.0
0,1,9,2044,2,8,43,0.0,26.0
0,1,9,2044,2,8,44,0.0,27.0
0,1,9,2045,1,3,1,0.0,0.0
0,1,9,2045,1,3,2,0.0,1.0
0,1,9,2045,1,3,3,0.0,2.0
0,1,9,2045,1,4,11,0.0,3.0
0,1,9,2045,1,4,13,0.0,4.0
0,1,9,2045,1,4,12,0.0,5.0
0,1,9,2045,1,2,4,0.0,6.0
0,1,9,2045,1,6,31,0.0,7.0
0,1,9,2045,1,6,32,0.0,8.0
0,1,9,2045,1,6,33,0.0,9.0
0,1,9,2045,1,6,34,0.0,10.0
0,1,9,2045,1,8,41,0.0,11.0
0,1,9,2045,1,8,42,0.0,12.0
0,1,9,2045,1,8,43,0.0,13.0
0,1,9,2045,1,8,44,0.0,14.0
0,1,9,2045,1,8,45,0.0,15.0
0,1,9,2045,2,3,11,0.0,16.0
0,1,9,2045,2,3,21,0.0,17.0
0,1,9,2045,2,5,11,0.0,18.0
0,1,9,2045,2,5,21,0.0,19.0
0,1,9,2045,2,5,22,0.0,20.0
0,1,9,2045,2,5,23,0.0,21.0
0,1,9,2045,2,6,32,0.0,22.0
0,1,9,2045,2,7,51,0.0,23.0
0,1,9,2045,2,7,52,0.0,24.0
0,1,9,2045,2,8,42,0.0,25.0
0,1,9,2045,2,8,43,0.0,26.0
0,1,9,2045,2,8,44,0.0,27.0
0,1,9,2046,1,3,1,0.0,0.0
0,1,9,2046,1,3,2,0.0,1.0
0,1,9,2046,1,3,3,0.0,2.0
0,1,9,2046,1,4,11,0.0,3.0
0,1,9,2046,1,4,13,0.0,4.0
0,1,9,2046,1,4,12,0.0,5.0
0,1,9,2046,1,2,4,0.0,6.0
0,1,9,2046,1,6,31,0.0,7.0
0,1,9,2046,1,6,32,0.0,8.0
0,1,9,2046,1,6,33,0.0,9.0
0,1,9,2046,1,6,34,0.0,10.0
0,1,9,2046,1,8,41,0.0,11.0
0,1,9,2046,1,8,42,0.0,12.0
0,1,9,2046,1,8,43,0.0,13.0
0,1,9,2046,1,8,44,0.0,14.0
0,1,9,2046,1,8,45,0.0,15.0
0,1,9,2046,2,3,11,0.0,16.0
0,1,9,2046,2,3,21,0.0,17.0
0,1,9,2046,2,5,11,0.0,18.0
0,1,9,2046,2,5,21,0.0,19.0
0,1,9,2046,2,5,22,0.0,20.0
0,1,9,2046,2,5,23,0.0,21.0
0,1,9,2046,2,6,32,0.0,22.0
0,1,9,2046,2,7,51,0.0,23.0
0,1,9,2046,2,7,52,0.0,24.0
0,1,9,2046,2,8,42,0.0,25.0
0,1,9,2046,2,8,43,0.0,26.0
0,1,9,2046,2,8,44,0.0,27.0
0,1,9,2047,1,3,1,0.0,0.0
0,1,9,2047,1,3,2,0.0,1.0
0,1,9,2047,1,3,3,0.0,2.0
0,1,9,2047,1,4,11,0.0,3.0
0,1,9,2047,1,4,13,0.0,4.0
0,1,9,2047,1,4,12,0.0,5.0
0,1,9,2047,1,2,4,0.0,6.0
0,1,9,2047,1,6,31,0.0,7.0
0,1,9,2047,1,6,32,0.0,8.0
0,1,9,2047,1,6,33,0.0,9.0
0,1,9,2047,1,6,34,0.0,10.0
0,1,9,2047,1,8,41,0.0,11.0
0,1,9,2047,1,8,42,0.0,12.0
0,1,9,2047,1,8,43,0.0,13.0
0,1,9,2047,1,8,44,0.0,14.0
0,1,9,2047,1,8,45,0.0,15.0
0,1,9,2047,2,3,11,0.0,16.0
0,1,9,2047,2,3,21,0.0,17.0
0,1,9,2047,2,5,11,0.0,18.0
0,1,9,2047,2,5,21,0.0,19.0
0,1,9,2047,2,5,22,0.0,20.0
0,1,9,2047,2,5,23,0.0,21.0
0,1,9,2047,2,6,32,0.0,22.0
0,1,9,2047,2,7,51,0.0,23.0
0,1,9,2047,2,7,52,0.0,24.0
0,1,9,2047,2,8,42,0.0,25.0
0,1,9,2047,2,8,43,0.0,26.0
0,1,9,2047,2,8,44,0.0,27.0
0,1,9,2048,1,3,1,0.0,0.0
0,1,9,2048,1,3,2,0.0,1.0
0,1,9,2048,1,3,3,0.0,2.0
0,1,9,2048,1,4,11,0.0,3.0
0,1,9,2048,1,4,13,0.0,4.0
0,1,9,2048,1,4,12,0.0,5.0
0,1,9,2048,1,2,4,0.0,6.0
0,1,9,2048,1,6,31,0.0,7.0
0,1,9,2048,1,6,32,0.0,8.0
0,1,9,2048,1,6,33,0.0,9.0
0,1,9,2048,1,6,34,0.0,10.0
0,1,9,2048,1,8,41,0.0,11.0
0,1,9,2048,1,8,42,0.0,12.0
0,1,9,2048,1,8,43,0.0,13.0
0,1,9,2048,1,8,44,0.0,14.0
0,1,9,2048,1,8,45,0.0,15.0
0,1,9,2048,2,3,11,0.0,16.0
0,1,9,2048,2,3,21,0.0,17.0
0,1,9,2048,2,5,11,0.0,18.0
0,1,9,2048,2,5,21,0.0,19.0
0,1,9,2048,2,5,22,0.0,20.0
0,1,9,2048,2,5,23,0.0,21.0
0,1,9,2048,2,6,32,0.0,22.0
0,1,9,2048,2,7,51,0.0,23.0
0,1,9,2048,2,7,52,0.0,24.0
0,1,9,2048,2,8,42,0.0,25.0
0,1,9,2048,2,8,43,0.0,26.0
0,1,9,2048,2,8,44,0.0,27.0
0,1,9,2049,1,3,1,0.0,0.0
0,1,9,2049,1,3,2,0.0,1.0
0,1,9,2049,1,3,3,0.0,2.0
0,1,9,2049,1,4,11,0.0,3.0
0,1,9,2049,1,4,13,0.0,4.0
0,1,9,2049,1,4,12,0.0,5.0
0,1,9,2049,1,2,4,0.0,6.0
0,1,9,2049,1,6,31,0.0,7.0
0,1,9,2049,1,6,32,0.0,8.0
0,1,9,2049,1,6,33,0.0,9.0
0,1,9,2049,1,6,34,0.0,10.0
0,1,9,2049,1,8,41,0.0,11.0
0,1,9,2049,1,8,42,0.0,12.0
0,1,9,2049,1,8,43,0.0,13.0
0,1,9,2049,1,8,44,0.0,14.0
0,1,9,2049,1,8,45,0.0,15.0
0,1,9,2049,2,3,11,0.0,16.0
0,1,9,2049,2,3,21,0.0,17.0
0,1,9,2049,2,5,11,0.0,18.0
0,1,9,2049,2,5,21,0.0,19.0
0,1,9,2049,2,5,22,0.0,20.0
0,1,9,2049,2,5,23,0.0,21.0
0,1,9,2049,2,6,32,0.0,22.0
0,1,9,2049,2,7,51,0.0,23.0
0,1,9,2049,2,7,52,0.0,24.0
0,1,9,2049,2,8,42,0.0,25.0
0,1,9,2049,2,8,43,0.0,26.0
0,1,9,2049,2,8,44,0.0,27.0
0,1,9,2050,1,3,1,0.0,0.0
0,1,9,2050,1,3,2,0.0,1.0
0,1,9,2050,1,3,3,0.0,2.0
0,1,9,2050,1,4,11,0.0,3.0
0,1,9,2050,1,4,13,0.0,4.0
0,1,9,2050,1,4,12,0.0,5.0
0,1,9,2050,1,2,4,0.0,6.0
0,1,9,2050,1,6,31,0.0,7.0
0,1,9,2050,1,6,32,0.0,8.0
0,1,9,2050,1,6,33,0.0,9.0
0,1,9,2050,1,6,34,0.0,10.0
0,1,9,2050,1,8,41,0.0,11.0
0,1,9,2050,1,8,42,0.0,12.0
0,1,9,2050,1,8,43,0.0,13.0
0,1,9,2050,1,8,44,0.0,14.0
0,1,9,2050,1,8,45,0.0,15.0
0,1,9,2050,2,3,11,0.0,16.0
0,1,9,2050,2,3,21,0.0,17.0
0,1,9,2050,2,5,11,0.0,18.0
0,1,9,2050,2,5,21,0.0,19.0
0,1,9,2050,2,5,22,0.0,20.0
0,1,9,2050,2,5,23,0.0,21.0
0,1,9,2050,2,6,32,0.0,22.0
0,1,9,2050,2,7,51,0.0,23.0
0,1,9,2050,2,7,52,0.0,24.0
0,1,9,2050,2,8,42,0.0,25.0
0,1,9,2050,2,8,43,0.0,26.0
0,1,9,2050,2,8,44,0.0,27.0
